date,season,neutral,playoff,team1,team2,elo1_pre,elo2_pre,elo_prob1,elo_prob2,elo1_post,elo2_post,qbelo1_pre,qbelo2_pre,qb1,qb2,qb1_value_pre,qb2_value_pre,qb1_adj,qb2_adj,qbelo_prob1,qbelo_prob2,qb1_game_value,qb2_game_value,qb1_value_post,qb2_value_post,qbelo1_post,qbelo2_post,score1,score2,quality,importance,total_rating
2021-09-09,2021,0,,TB,DAL,1656.23592987083,1452.42423600283,0.8245385444949991,0.17546145550500092,,,,,Tom Brady,Dak Prescott,213.41055017436858,231.49179884034237,8.527869371689466,17.881196355442853,0.7360902778954788,0.26390972210452124,,,"","",,,,,85,48,67
2021-09-12,2021,0,,IND,SEA,1561.49008374858,1565.75113437891,0.5865306405282676,0.41346935947173236,,,,,"",Russell Wilson,80.25349161487647,187.03065281486022,-43.97258295842148,-0.3268685144871426,0.49029001360945296,0.509709986390547,,,"","",,,,,57,71,64
2021-09-12,2021,0,,WSH,LAC,1463.23379626925,1496.9453348771,0.5449063844382106,0.4550936155617894,,,,,Ryan Fitzpatrick,Justin Herbert,190.4666912543703,191.69135528399636,24.823213135492193,5.549695242539244,0.5790764978717644,0.4209235021282356,,,"","",,,,,58,67,63
2021-09-12,2021,0,,HOU,JAX,1432.77554209903,1339.02356327475,0.7137873146504335,0.28621268534956645,,,,,Tyrod Taylor,Trevor Lawrence,120.46864185927187,112.90158,-101.64484954214346,-6.469035658326765,0.40736132283847715,0.5926386771615229,,,"","",,,,,0,18,9
2021-09-12,2021,0,,CIN,MIN,1412.11982567755,1494.5227209927,0.4749761449039141,0.525023855096086,,,,,Joe Burrow,Kirk Cousins,154.38751036221348,200.02342867698542,4.532814540039714,8.142599752013114,0.46788419409925996,0.53211580590074,,,"","",,,,,33,56,45
2021-09-12,2021,0,,CAR,NYJ,1436.53931839259,1381.74750021599,0.6658728521688951,0.33412714783110486,,,,,Sam Darnold,Zach Wilson,104.47161660834459,112.44816,-17.899887158874932,-2.0904255335861732,0.6497690208684391,0.35023097913156087,,,"","",,,,,12,36,24
2021-09-12,2021,0,,TEN,ARI,1553.39721722001,1486.43695568349,0.6812721657113258,0.31872783428867424,,,,,Ryan Tannehill,Kyler Murray,207.78041052066803,217.21686486028685,6.311824854617033,5.662860138279655,0.6571708202413542,0.3428291797586458,,,"","",,,,,56,57,57
2021-09-12,2021,0,,ATL,PHI,1484.49361709345,1426.46597194264,0.670004200101875,0.329995799898125,,,,,Matt Ryan,Jalen Hurts,178.59651696121685,119.52962326488215,0.9956722169156194,-7.458144688717802,0.635254977215658,0.36474502278434195,,,"","",,,,,21,60,41
2021-09-12,2021,0,,DET,SF,1390.64524910337,1490.66595095681,0.44977115486500696,0.550228845134993,,,,,Jared Goff,Jimmy Garoppolo,160.6390937928922,127.74856882720877,-1.519107942510196,-4.082609061149185,0.3434266762783252,0.6565733237216749,,,"","",,,,,23,45,34
2021-09-12,2021,0,,BUF,PIT,1634.00386072407,1526.42032423259,0.7297729044914865,0.27022709550851354,,,,,Josh Allen,Ben Roethlisberger,244.60259409025804,218.98733847377505,10.202572355561548,9.106081842419744,0.7165850088323535,0.28341499116764646,,,"","",,,,,78,59,69
2021-09-12,2021,0,,NYG,DEN,1425.40108592539,1449.69551781791,0.5583134525659972,0.4416865474340028,,,,,Daniel Jones,Teddy Bridgewater,120.818936231333,160.13867808188877,-3.746332185520984,12.5449040643386,0.49986940853109274,0.5001305914689073,,,"","",,,,,34,60,47
2021-09-12,2021,0,,NE,MIA,1500.99746243259,1532.21301019351,0.5484670709067537,0.45153292909324627,,,,,Mac Jones,Tua Tagovailoa,106.55369999999999,128.2789391500762,-15.1549713355976,-12.355888602365233,0.5696251657913961,0.4303748342086039,,,"","",,,,,54,90,72
2021-09-12,2021,0,,KC,CLE,1643.35778701558,1531.69726243689,0.7343760667074564,0.26562393329254363,,,,,Patrick Mahomes,Baker Mayfield,232.16244186572052,173.37698787347563,2.0822003296723293,3.9617113469478564,0.6833523331756626,0.3166476668243374,,,"","",,,,,90,55,73
2021-09-12,2021,0,,NO,GB,1614.95936469189,1629.33743079564,0.5723396433491968,0.42766035665080315,,,,,Jameis Winston,Aaron Rodgers,149.4754866924155,268.837927013728,-15.689334234760217,17.06913198329195,0.49187210719995567,0.5081278928000443,,,"","",,,,,80,76,78
2021-09-12,2021,0,,LAR,CHI,1571.73427292628,1496.16718002393,0.6919324443658756,0.30806755563412436,,,,,Matthew Stafford,Andy Dalton,161.92700444568447,121.87840151254483,0.6598179825329438,-11.19521455817951,0.7340040532347638,0.2659959467652362,,,"","",,,,,54,57,56
2021-09-13,2021,0,,OAK,BAL,1473.13101372901,1605.83975771845,0.4037743882873374,0.5962256117126625,,,,,Derek Carr,Lamar Jackson,184.3714181414348,207.05646292688212,1.3024904665225285,0.8426719396273135,0.3983613481927848,0.6016386518072152,,,"","",,,,,60,67,64
2021-09-16,2021,0,,WSH,NYG,1463.23379626925,1425.40108592539,0.6438130521346748,0.35618694786532523,,,,,Ryan Fitzpatrick,Daniel Jones,190.4666912543703,120.818936231333,24.823213135492193,-3.746332185520984,0.6753365619991949,0.3246634380008051,,,"","",,,,,36,76,56
2021-09-19,2021,0,,IND,LAR,1561.49008374858,1571.73427292628,0.5781539594500608,0.42184604054993924,,,,,"",Matthew Stafford,95.80450374528989,161.92700444568447,-28.421570828008047,0.6598179825329438,0.4870362051416018,0.5129637948583983,,,"","",,,,,66,71,69
2021-09-19,2021,0,,MIA,BUF,1532.21301019351,1634.00386072407,0.44725072616997036,0.5527492738300297,,,,,Tua Tagovailoa,Josh Allen,128.2789391500762,244.60259409025804,-12.355888602365233,10.202572355561548,0.44146913117876263,0.5585308688212374,,,"","",,,,,79,83,81
2021-09-19,2021,0,,NYJ,NE,1381.74750021599,1500.99746243259,0.4225563903711943,0.5774436096288057,,,,,Zach Wilson,Mac Jones,112.44816,106.55369999999999,-2.0904255335861732,-15.1549713355976,0.4161947630509767,0.5838052369490233,,,"","",,,,,21,69,45
2021-09-19,2021,0,,CLE,HOU,1531.69726243689,1432.77554209903,0.719828137114075,0.280171862885925,,,,,Baker Mayfield,Tyrod Taylor,173.37698787347563,120.46864185927187,3.9617113469478564,-101.64484954214346,0.8940268590727982,0.10597314092720178,,,"","",,,,,6,9,8
2021-09-19,2021,0,,CHI,CIN,1496.16718002393,1412.11982567755,0.7022396043060484,0.29776039569395163,,,,,Andy Dalton,Joe Burrow,121.87840151254483,154.38751036221348,-11.19521455817951,4.532814540039714,0.6147559499814412,0.38524405001855877,,,"","",,,,,21,45,33
2021-09-19,2021,0,,CAR,NO,1436.53931839259,1614.95936469189,0.34233671641588304,0.657663283584117,,,,,Sam Darnold,Jameis Winston,104.47161660834459,149.4754866924155,-17.899887158874932,-15.689334234760217,0.44439292048000656,0.5556070795199934,,,"","",,,,,42,83,63
2021-09-19,2021,0,,JAX,DEN,1339.02356327475,1449.69551781791,0.4346487700287202,0.5653512299712797,,,,,Trevor Lawrence,Teddy Bridgewater,112.90158,160.13867808188877,-6.469035658326765,12.5449040643386,0.40796503678459517,0.5920349632154048,,,"","",,,,,19,63,41
2021-09-19,2021,0,,PHI,SF,1426.46597194264,1490.66595095681,0.5011513207126995,0.4988486792873005,,,,,Jalen Hurts,Jimmy Garoppolo,119.52962326488215,127.74856882720877,-7.458144688717802,-4.082609061149185,0.42241123835972977,0.5775887616402702,,,"","",,,,,39,73,56
2021-09-19,2021,0,,PIT,OAK,1526.42032423259,1473.13101372901,0.6639457875954254,0.33605421240457456,,,,,Ben Roethlisberger,Derek Carr,218.98733847377505,184.3714181414348,9.106081842419744,1.3024904665225285,0.6614632034193176,0.33853679658068236,,,"","",,,,,40,64,52
2021-09-19,2021,0,,ARI,MIN,1486.43695568349,1494.5227209927,0.581181310700802,0.41881868929919797,,,,,Kyler Murray,Kirk Cousins,217.21686486028685,200.02342867698542,5.662860138279655,8.142599752013114,0.5550081833134748,0.4449918166865252,,,"","",,,,,48,83,66
2021-09-19,2021,0,,TB,ATL,1656.23592987083,1484.49361709345,0.7962141185130339,0.20378588148696608,,,,,Tom Brady,Matt Ryan,213.41055017436858,178.59651696121685,8.527869371689466,0.9956722169156194,0.7958680203697738,0.20413197963022622,,,"","",,,,,72,41,57
2021-09-19,2021,0,,LAC,DAL,1496.9453348771,1452.42423600283,0.6525924263195739,0.3474075736804261,,,,,Justin Herbert,Dak Prescott,191.69135528399636,231.49179884034237,5.549695242539244,17.881196355442853,0.584876396910345,0.415123603089655,,,"","",,,,,60,67,64
2021-09-19,2021,0,,SEA,TEN,1565.75113437891,1553.39721722001,0.609517603462048,0.390482396537952,,,,,Russell Wilson,Ryan Tannehill,187.03065281486022,207.78041052066803,-0.3268685144871426,6.311824854617033,0.6056865845403253,0.3943134154596747,,,"","",,,,,72,62,67
2021-09-19,2021,0,,BAL,KC,1605.83975771845,1643.35778701558,0.5394674569978721,0.46053254300212787,,,,,Lamar Jackson,Patrick Mahomes,207.05646292688212,232.16244186572052,0.8426719396273135,2.0822003296723293,0.5130589283119255,0.48694107168807454,,,"","",,,,,93,74,84
2021-09-20,2021,0,,GB,DET,1629.33743079564,1390.64524910337,0.8517247068828622,0.14827529311713783,,,,,Aaron Rodgers,Jared Goff,268.837927013728,160.6390937928922,17.06913198329195,-1.519107942510196,0.8413903425279247,0.15860965747207534,,,"","",,,,,35,26,31
2021-09-23,2021,0,,HOU,CAR,1432.77554209903,1436.53931839259,0.5872246700165493,0.4127753299834507,,,,,Tyrod Taylor,Sam Darnold,120.46864185927187,104.47161660834459,-101.64484954214346,-17.899887158874932,0.3256593470652978,0.6743406529347022,,,"","",,,,,1,19,10
2021-09-26,2021,0,,CLE,CHI,1531.69726243689,1496.16718002393,0.6407676858660396,0.3592323141339604,,,,,Baker Mayfield,Andy Dalton,173.37698787347563,121.87840151254483,3.9617113469478564,-11.19521455817951,0.7229487350609384,0.2770512649390616,,,"","",,,,,53,51,52
2021-09-26,2021,0,,DET,BAL,1390.64524910337,1605.83975771845,0.29638144548363354,0.7036185545163665,,,,,Jared Goff,Lamar Jackson,160.6390937928922,207.05646292688212,-1.519107942510196,0.8426719396273135,0.2755593559728418,0.7244406440271582,,,"","",,,,,34,36,35
2021-09-26,2021,0,,JAX,ARI,1339.02356327475,1486.43695568349,0.38357307765792836,0.6164269223420716,,,,,Trevor Lawrence,Kyler Murray,112.90158,217.21686486028685,-6.469035658326765,5.662860138279655,0.4316872583244003,0.5683127416755998,,,"","",,,,,17,54,36
2021-09-26,2021,0,,KC,LAC,1643.35778701558,1496.9453348771,0.7715330417735055,0.22846695822649454,,,,,Patrick Mahomes,Justin Herbert,232.16244186572052,191.69135528399636,2.0822003296723293,5.549695242539244,0.7376774663554465,0.2623225336445535,,,"","",,,,,84,62,73
2021-09-26,2021,0,,BUF,WSH,1634.00386072407,1463.23379626925,0.7953045062376316,0.2046954937623684,,,,,Josh Allen,Ryan Fitzpatrick,244.60259409025804,190.4666912543703,10.202572355561548,24.823213135492193,0.7134307334498146,0.28656926655018544,,,"","",,,,,78,50,64
2021-09-26,2021,0,,TEN,IND,1553.39721722001,1561.49008374858,0.5811713605935886,0.41882863940641135,,,,,Ryan Tannehill,Carson Wentz,207.78041052066803,102.46922322975294,6.311824854617033,-21.756851343545005,0.6285060264425988,0.3714939735574012,,,"","",,,,,60,94,77
2021-09-26,2021,0,,NE,NO,1500.99746243259,1614.95936469189,0.4300009280649619,0.5699990719350381,,,,,Mac Jones,Jameis Winston,106.55369999999999,149.4754866924155,-15.1549713355976,-15.689334234760217,0.5405123513811319,0.45948764861886815,,,"","",,,,,59,76,68
2021-09-26,2021,0,,PIT,CIN,1526.42032423259,1412.11982567755,0.7373299179099884,0.26267008209001164,,,,,Ben Roethlisberger,Joe Burrow,218.98733847377505,154.38751036221348,9.106081842419744,4.532814540039714,0.6867058597292958,0.31329414027070424,,,"","",,,,,33,60,47
2021-09-26,2021,0,,NYG,ATL,1425.40108592539,1484.49361709345,0.5085007118624416,0.4914992881375584,,,,,Daniel Jones,Matt Ryan,120.818936231333,178.59651696121685,-3.746332185520984,0.9956722169156194,0.553888340113648,0.44611165988635204,,,"","",,,,,25,68,47
2021-09-26,2021,0,,OAK,MIA,1473.13101372901,1532.21301019351,0.5085158681295704,0.4914841318704296,,,,,Derek Carr,Tua Tagovailoa,184.3714181414348,128.2789391500762,1.3024904665225285,-12.355888602365233,0.5073268616064532,0.49267313839354676,,,"","",,,,,41,81,61
2021-09-26,2021,0,,DEN,NYJ,1449.69551781791,1381.74750021599,0.6825055473247345,0.31749445267526555,,,,,Teddy Bridgewater,Zach Wilson,160.13867808188877,112.44816,12.5449040643386,-2.0904255335861732,0.7331340763305382,0.2668659236694618,,,"","",,,,,21,50,36
2021-09-26,2021,0,,MIN,SEA,1494.5227209927,1565.75113437891,0.49103755268365995,0.5089624473163401,,,,,Kirk Cousins,Russell Wilson,200.02342867698542,187.03065281486022,8.142599752013114,-0.3268685144871426,0.5265069844005216,0.47349301559947843,,,"","",,,,,65,88,77
2021-09-26,2021,0,,LAR,TB,1571.73427292628,1656.23592987083,0.4719642966361332,0.5280357033638667,,,,,Matthew Stafford,Tom Brady,161.92700444568447,213.41055017436858,0.6598179825329438,8.527869371689466,0.4870616996417121,0.5129383003582879,,,"","",,,,,91,83,87
2021-09-26,2021,0,,SF,GB,1490.66595095681,1629.33743079564,0.39553915110450316,0.6044608488954968,,,,,Jimmy Garoppolo,Aaron Rodgers,127.74856882720877,268.837927013728,-4.082609061149185,17.06913198329195,0.5065913765839841,0.4934086234160159,,,"","",,,,,82,79,81
2021-09-27,2021,0,,DAL,PHI,1452.42423600283,1426.46597194264,0.6279886800849626,0.37201131991503744,,,,,Dak Prescott,Jalen Hurts,231.49179884034237,119.52962326488215,17.881196355442853,-7.458144688717802,0.7143410616006652,0.28565893839933476,,,"","",,,,,34,70,52
2021-09-30,2021,0,,CIN,JAX,1412.11982567755,1339.02356327475,0.6888923422640251,0.31110765773597493,,,,,Joe Burrow,Trevor Lawrence,154.38751036221348,112.90158,4.532814540039714,-6.469035658326765,0.6525518083641894,0.34744819163581064,,,"","",,,,,8,44,26
2021-10-03,2021,0,,DAL,CAR,1452.42423600283,1436.53931839259,0.6143444175584991,0.3856555824415009,,,,,Dak Prescott,Sam Darnold,231.49179884034237,104.47161660834459,17.881196355442853,-17.899887158874932,0.6932671784296233,0.30673282157037673,,,"","",,,,,38,67,53
2021-10-03,2021,0,,ATL,WSH,1484.49361709345,1463.23379626925,0.6216485661242036,0.3783514338757964,,,,,Matt Ryan,Ryan Fitzpatrick,178.59651696121685,190.4666912543703,0.9956722169156194,24.823213135492193,0.5088634411879225,0.4911365588120775,,,"","",,,,,42,84,63
2021-10-03,2021,0,,PHI,KC,1426.46597194264,1643.35778701558,0.29434797600284035,0.7056520239971596,,,,,Jalen Hurts,Patrick Mahomes,119.52962326488215,232.16244186572052,-7.458144688717802,2.0822003296723293,0.2863612387768148,0.7136387612231851,,,"","",,,,,62,46,54
2021-10-03,2021,0,,BUF,HOU,1634.00386072407,1432.77554209903,0.8223766777320576,0.17762332226794242,,,,,Josh Allen,Tyrod Taylor,244.60259409025804,120.46864185927187,10.202572355561548,-101.64484954214346,0.9187354995488053,0.08126450045119471,,,"","",,,,,11,6,9
2021-10-03,2021,0,,MIA,IND,1532.21301019351,1561.49008374858,0.5512290245750748,0.44877097542492517,,,,,Tua Tagovailoa,Carson Wentz,128.2789391500762,102.46922322975294,-12.355888602365233,-21.756851343545005,0.5985482721117119,0.4014517278882881,,,"","",,,,,54,89,72
2021-10-03,2021,0,,NO,NYG,1614.95936469189,1425.40108592539,0.8123503793815541,0.18764962061844592,,,,,Jameis Winston,Daniel Jones,149.4754866924155,120.818936231333,-15.689334234760217,-3.746332185520984,0.707988499916175,0.29201150008382504,,,"","",,,,,42,68,55
2021-10-03,2021,0,,NYJ,TEN,1381.74750021599,1553.39721722001,0.3511643454490857,0.6488356545509143,,,,,Zach Wilson,Ryan Tannehill,112.44816,207.78041052066803,-2.0904255335861732,6.311824854617033,0.36972338260205223,0.6302766173979477,,,"","",,,,,29,58,44
2021-10-03,2021,0,,MIN,CLE,1494.5227209927,1531.69726243689,0.5399586572995881,0.46004134270041186,,,,,Kirk Cousins,Baker Mayfield,200.02342867698542,173.37698787347563,8.142599752013114,3.9617113469478564,0.5024624437755609,0.49753755622443907,,,"","",,,,,68,76,72
2021-10-03,2021,0,,CHI,DET,1496.16718002393,1390.64524910337,0.7274261986000357,0.27257380139996434,,,,,Andy Dalton,Jared Goff,121.87840151254483,160.6390937928922,-11.19521455817951,-1.519107942510196,0.6960817104786035,0.30391828952139655,,,"","",,,,,10,39,25
2021-10-03,2021,0,,SF,SEA,1490.66595095681,1565.75113437891,0.48549032940103654,0.5145096705989635,,,,,Jimmy Garoppolo,Russell Wilson,127.74856882720877,187.03065281486022,-4.082609061149185,-0.3268685144871426,0.5699586479420489,0.43004135205795113,,,"","",,,,,72,92,82
2021-10-03,2021,0,,LAR,ARI,1571.73427292628,1486.43695568349,0.7037419562357488,0.29625804376425124,,,,,Matthew Stafford,Kyler Murray,161.92700444568447,217.21686486028685,0.6598179825329438,5.662860138279655,0.6886398007830669,0.31136019921693314,,,"","",,,,,63,85,74
2021-10-03,2021,0,,GB,PIT,1629.33743079564,1526.42032423259,0.7244429972260106,0.2755570027739894,,,,,Aaron Rodgers,Ben Roethlisberger,268.837927013728,218.98733847377505,17.06913198329195,9.106081842419744,0.700433646488722,0.299566353511278,,,"","",,,,,75,57,66
2021-10-03,2021,0,,DEN,BAL,1449.69551781791,1605.83975771845,0.3717612504567454,0.6282387495432546,,,,,Teddy Bridgewater,Lamar Jackson,160.13867808188877,207.05646292688212,12.5449040643386,0.8426719396273135,0.4611633556024101,0.5388366443975898,,,"","",,,,,72,87,80
2021-10-03,2021,0,,NE,TB,1500.99746243259,1656.23592987083,0.3729798279454969,0.6270201720545031,,,,,Mac Jones,Tom Brady,106.55369999999999,213.41055017436858,-15.1549713355976,8.527869371689466,0.3889899361060097,0.6110100638939904,,,"","",,,,,81,62,72
2021-10-04,2021,0,,LAC,OAK,1496.9453348771,1473.13101372901,0.6251009412906448,0.37489905870935525,,,,,Justin Herbert,Derek Carr,191.69135528399636,184.3714181414348,5.549695242539244,1.3024904665225285,0.6681665297111782,0.3318334702888218,,,"","",,,,,43,77,60
2021-10-07,2021,0,,SEA,LAR,1565.75113437891,1571.73427292628,0.5841245376830771,0.41587546231692285,,,,,Russell Wilson,Matthew Stafford,187.03065281486022,161.92700444568447,-0.3268685144871426,0.6598179825329438,0.559114470385004,0.44088552961499605,,,"","",,,,,78,92,85
2021-10-10,2021,1,,ATL,NYJ,1484.49361709345,1381.74750021599,0.6436987354223681,0.3563012645776319,,,,,Matt Ryan,Zach Wilson,178.59651696121685,112.44816,0.9956722169156194,-2.0904255335861732,0.6033395350954602,0.39666046490453977,,,"","",,,,,15,50,33
2021-10-10,2021,0,,PIT,DEN,1526.42032423259,1449.69551781791,0.693351206862574,0.306648793137426,,,,,Ben Roethlisberger,Teddy Bridgewater,218.98733847377505,160.13867808188877,9.106081842419744,12.5449040643386,0.5952231264538955,0.4047768735461045,,,"","",,,,,52,87,70
2021-10-10,2021,0,,JAX,TEN,1339.02356327475,1553.39721722001,0.297367787448835,0.702632212551165,,,,,Trevor Lawrence,Ryan Tannehill,112.90158,207.78041052066803,-6.469035658326765,6.311824854617033,0.35306184436040133,0.6469381556395987,,,"","",,,,,26,75,51
2021-10-10,2021,0,,WSH,NO,1463.23379626925,1614.95936469189,0.3777210504860186,0.6222789495139813,,,,,Ryan Fitzpatrick,Jameis Winston,190.4666912543703,149.4754866924155,24.823213135492193,-15.689334234760217,0.551868372096773,0.448131627903227,,,"","",,,,,62,88,75
2021-10-10,2021,0,,HOU,NE,1432.77554209903,1500.99746243259,0.49536341682748747,0.5046365831725126,,,,,Tyrod Taylor,Mac Jones,120.46864185927187,106.55369999999999,-101.64484954214346,-15.1549713355976,0.2530426939687606,0.7469573060312393,,,"","",,,,,2,27,15
2021-10-10,2021,0,,CIN,GB,1412.11982567755,1629.33743079564,0.2939585924896187,0.7060414075103814,,,,,Joe Burrow,Aaron Rodgers,154.38751036221348,268.837927013728,4.532814540039714,17.06913198329195,0.34132928869714596,0.658670711302854,,,"","",,,,,54,52,53
2021-10-10,2021,0,,MIN,DET,1494.5227209927,1390.64524910337,0.7255452170077072,0.27445478299229276,,,,,Kirk Cousins,Jared Goff,200.02342867698542,160.6390937928922,8.142599752013114,-1.519107942510196,0.7595043732923332,0.24049562670766678,,,"","",,,,,18,44,31
2021-10-10,2021,0,,CAR,PHI,1436.53931839259,1426.46597194264,0.6063886034695283,0.3936113965304717,,,,,Sam Darnold,Jalen Hurts,104.47161660834459,119.52962326488215,-17.899887158874932,-7.458144688717802,0.6033862327154965,0.3966137672845035,,,"","",,,,,17,63,40
2021-10-10,2021,0,,TB,MIA,1656.23592987083,1532.21301019351,0.748024409871172,0.251975590128828,,,,,Tom Brady,Tua Tagovailoa,213.41055017436858,128.2789391500762,8.527869371689466,-12.355888602365233,0.7410746284266199,0.25892537157338014,,,"","",,,,,83,48,66
2021-10-10,2021,0,,OAK,CHI,1473.13101372901,1496.16718002393,0.5600988503470044,0.43990114965299565,,,,,Derek Carr,Andy Dalton,184.3714181414348,121.87840151254483,1.3024904665225285,-11.19521455817951,0.5890603468279527,0.4109396531720473,,,"","",,,,,26,57,42
2021-10-10,2021,0,,LAC,CLE,1496.9453348771,1531.69726243689,0.5434208265290426,0.45657917347095744,,,,,Justin Herbert,Baker Mayfield,191.69135528399636,173.37698787347563,5.549695242539244,3.9617113469478564,0.5286442705364229,0.47135572946357707,,,"","",,,,,71,90,81
2021-10-10,2021,0,,ARI,SF,1486.43695568349,1490.66595095681,0.5865753895366385,0.41342461046336154,,,,,Kyler Murray,Jimmy Garoppolo,217.21686486028685,127.74856882720877,5.662860138279655,-4.082609061149185,0.5035389761478154,0.4964610238521846,,,"","",,,,,56,92,74
2021-10-10,2021,0,,DAL,NYG,1452.42423600283,1425.40108592539,0.6294196313197172,0.37058036868028277,,,,,Dak Prescott,Daniel Jones,231.49179884034237,120.818936231333,17.881196355442853,-3.746332185520984,0.6926919729368355,0.3073080270631645,,,"","",,,,,39,83,61
2021-10-10,2021,0,,KC,BUF,1643.35778701558,1634.00386072407,0.6053997139788088,0.39460028602119124,,,,,Patrick Mahomes,Josh Allen,232.16244186572052,244.60259409025804,2.0822003296723293,10.202572355561548,0.6187323161277395,0.3812676838722605,,,"","",,,,,95,70,83
2021-10-11,2021,0,,BAL,IND,1605.83975771845,1561.49008374858,0.6523686694952409,0.34763133050475914,,,,,Lamar Jackson,Carson Wentz,207.05646292688212,102.46922322975294,0.8426719396273135,-21.756851343545005,0.6959065172164499,0.3040934827835501,,,"","",,,,,72,73,73
2021-10-14,2021,0,,PHI,TB,1426.46597194264,1656.23592987083,0.27918816945704056,0.7208118305429594,,,,,Jalen Hurts,Tom Brady,119.52962326488215,213.41055017436858,-7.458144688717802,8.527869371689466,0.2850564178636369,0.7149435821363631,,,"","",,,,,62,52,57
2021-10-17,2021,1,,JAX,MIA,1339.02356327475,1532.21301019351,0.2474818534359987,0.7525181465640013,,,,,Trevor Lawrence,Tua Tagovailoa,112.90158,128.2789391500762,-6.469035658326765,-12.355888602365233,0.31221499753256565,0.6877850024674343,,,"","",,,,,21,65,43
2021-10-17,2021,0,,CAR,MIN,1436.53931839259,1494.5227209927,0.5100963227897566,0.4899036772102434,,,,,Sam Darnold,Kirk Cousins,104.47161660834459,200.02342867698542,-17.899887158874932,8.142599752013114,0.48382105497523553,0.5161789450247645,,,"","",,,,,35,84,60
2021-10-17,2021,0,,IND,HOU,1561.49008374858,1432.77554209903,0.7530806458827827,0.24691935411721733,,,,,Carson Wentz,Tyrod Taylor,102.46922322975294,120.46864185927187,-21.756851343545005,-101.64484954214346,0.8553887432372367,0.14461125676276332,,,"","",,,,,2,17,10
2021-10-17,2021,0,,WSH,KC,1463.23379626925,1643.35778701558,0.3401317924159083,0.6598682075840917,,,,,Ryan Fitzpatrick,Patrick Mahomes,190.4666912543703,232.16244186572052,24.823213135492193,2.0822003296723293,0.40171360161896746,0.5982863983810325,,,"","",,,,,83,68,76
2021-10-17,2021,0,,NYG,LAR,1425.40108592539,1571.73427292628,0.38504439002655416,0.6149556099734459,,,,,Daniel Jones,Matthew Stafford,120.818936231333,161.92700444568447,-3.746332185520984,0.6598179825329438,0.41074259481404024,0.5892574051859598,,,"","",,,,,51,82,67
2021-10-17,2021,0,,CHI,GB,1496.16718002393,1629.33743079564,0.4031349893388578,0.5968650106611422,,,,,Andy Dalton,Aaron Rodgers,121.87840151254483,268.837927013728,-11.19521455817951,17.06913198329195,0.3733738496456027,0.6266261503543973,,,"","",,,,,62,84,73
2021-10-17,2021,0,,DET,CIN,1390.64524910337,1412.11982567755,0.5623124798441783,0.4376875201558217,,,,,Jared Goff,Joe Burrow,160.6390937928922,154.38751036221348,-1.519107942510196,4.532814540039714,0.490094809042426,0.509905190957574,,,"","",,,,,7,35,21
2021-10-17,2021,0,,BAL,LAC,1605.83975771845,1496.9453348771,0.7312584396877327,0.26874156031226726,,,,,Lamar Jackson,Justin Herbert,207.05646292688212,191.69135528399636,0.8426719396273135,5.549695242539244,0.6834283925611744,0.3165716074388256,,,"","",,,,,76,80,78
2021-10-17,2021,0,,CLE,ARI,1531.69726243689,1486.43695568349,0.6535565240019774,0.3464434759980226,,,,,Baker Mayfield,Kyler Murray,173.37698787347563,217.21686486028685,3.9617113469478564,5.662860138279655,0.6907216435318432,0.3092783564681568,,,"","",,,,,62,66,64
2021-10-17,2021,0,,DEN,OAK,1449.69551781791,1473.13101372901,0.5595323935304418,0.4404676064695582,,,,,Teddy Bridgewater,Derek Carr,160.13867808188877,184.3714181414348,12.5449040643386,1.3024904665225285,0.6458873070735769,0.3541126929264231,,,"","",,,,,38,83,61
2021-10-17,2021,0,,NE,DAL,1500.99746243259,1452.42423600283,0.6578617809776942,0.3421382190223058,,,,,Mac Jones,Dak Prescott,106.55369999999999,231.49179884034237,-15.1549713355976,17.881196355442853,0.5609688974458708,0.43903110255412925,,,"","",,,,,56,79,68
2021-10-17,2021,0,,PIT,SEA,1526.42032423259,1565.75113437891,0.536873865722361,0.46312613427763905,,,,,Ben Roethlisberger,Russell Wilson,218.98733847377505,187.03065281486022,9.106081842419744,-0.3268685144871426,0.5315196003811294,0.46848039961887056,,,"","",,,,,65,78,72
2021-10-18,2021,0,,TEN,BUF,1553.39721722001,1634.00386072407,0.4775553285606954,0.5224446714393046,,,,,Ryan Tannehill,Josh Allen,207.78041052066803,244.60259409025804,6.311824854617033,10.202572355561548,0.47409794574041847,0.5259020542595816,,,"","",,,,,84,72,78
2021-10-21,2021,0,,CLE,DEN,1531.69726243689,1449.69551781791,0.6997715131787985,0.3002284868212015,,,,,Baker Mayfield,Teddy Bridgewater,173.37698787347563,160.13867808188877,3.9617113469478564,12.5449040643386,0.6685513261810841,0.33144867381891585,,,"","",,,,,66,87,77
2021-10-24,2021,0,,BAL,CIN,1605.83975771845,1412.11982567755,0.8159749320751176,0.18402506792488238,,,,,Lamar Jackson,Joe Burrow,207.05646292688212,154.38751036221348,0.8426719396273135,4.532814540039714,0.7785100889015705,0.22148991109842953,,,"","",,,,,52,57,55
2021-10-24,2021,0,,NYG,CAR,1425.40108592539,1436.53931839259,0.5768982606324794,0.4231017393675206,,,,,Daniel Jones,Sam Darnold,120.818936231333,104.47161660834459,-3.746332185520984,-17.899887158874932,0.5846152286150873,0.4153847713849127,,,"","",,,,,20,70,45
2021-10-24,2021,0,,MIA,ATL,1532.21301019351,1484.49361709345,0.6567546442126759,0.34324535578732407,,,,,Tua Tagovailoa,Matt Ryan,128.2789391500762,178.59651696121685,-12.355888602365233,0.9956722169156194,0.620215486385218,0.37978451361478205,,,"","",,,,,43,72,58
2021-10-24,2021,0,,GB,WSH,1629.33743079564,1463.23379626925,0.7908967798236379,0.20910322017636207,,,,,Aaron Rodgers,Ryan Fitzpatrick,268.837927013728,190.4666912543703,17.06913198329195,24.823213135492193,0.6975902649427609,0.3024097350572391,,,"","",,,,,76,71,74
2021-10-24,2021,0,,TEN,KC,1553.39721722001,1643.35778701558,0.4641405253486628,0.5358594746513372,,,,,Ryan Tannehill,Patrick Mahomes,207.78041052066803,232.16244186572052,6.311824854617033,2.0822003296723293,0.43656351275855265,0.5634364872414473,,,"","",,,,,87,74,81
2021-10-24,2021,0,,NE,NYJ,1500.99746243259,1381.74750021599,0.7428105464519487,0.25718945354805134,,,,,Mac Jones,Zach Wilson,106.55369999999999,112.44816,-15.1549713355976,-2.0904255335861732,0.6975307212290149,0.30246927877098506,,,"","",,,,,21,68,45
2021-10-24,2021,0,,LAR,DET,1571.73427292628,1390.64524910337,0.8048052107189669,0.19519478928103307,,,,,Matthew Stafford,Jared Goff,161.92700444568447,160.6390937928922,0.6598179825329438,-1.519107942510196,0.8215866758665016,0.17841332413349842,,,"","",,,,,29,32,31
2021-10-24,2021,0,,OAK,PHI,1473.13101372901,1426.46597194264,0.6553851477600662,0.3446148522399338,,,,,Derek Carr,Jalen Hurts,184.3714181414348,119.52962326488215,1.3024904665225285,-7.458144688717802,0.6356326918048574,0.3643673081951426,,,"","",,,,,20,53,37
2021-10-24,2021,0,,TB,CHI,1656.23592987083,1496.16718002393,0.7850935171401399,0.21490648285986014,,,,,Tom Brady,Andy Dalton,213.41055017436858,121.87840151254483,8.527869371689466,-11.19521455817951,0.804669129293209,0.195330870706791,,,"","",,,,,70,41,56
2021-10-24,2021,0,,ARI,HOU,1486.43695568349,1432.77554209903,0.6644235459338486,0.33557645406615144,,,,,Kyler Murray,Tyrod Taylor,217.21686486028685,120.46864185927187,5.662860138279655,-101.64484954214346,0.8434174144032406,0.15658258559675942,,,"","",,,,,2,12,7
2021-10-24,2021,0,,SF,IND,1490.66595095681,1561.49008374858,0.49161918416093503,0.508380815839065,,,,,"",Carson Wentz,123.81011162040676,102.46922322975294,-8.0210662679512,-21.756851343545005,0.6687672746306378,0.3312327253693622,,,"","",,,,,60,72,66
2021-10-25,2021,0,,SEA,NO,1565.75113437891,1614.95936469189,0.5227105462016252,0.47728945379837484,,,,,Russell Wilson,Jameis Winston,187.03065281486022,149.4754866924155,-0.3268685144871426,-15.689334234760217,0.5772923295901383,0.4227076704098617,,,"","",,,,,71,92,82
2021-10-28,2021,0,,ARI,GB,1486.43695568349,1629.33743079564,0.3897338313056043,0.6102661686943958,,,,,Kyler Murray,Aaron Rodgers,217.21686486028685,268.837927013728,5.662860138279655,17.06913198329195,0.4259137945324759,0.5740862054675241,,,"","",,,,,70,81,76
2021-10-31,2021,0,,HOU,LAR,1432.77554209903,1571.73427292628,0.3951438757158873,0.6048561242841126,,,,,Tyrod Taylor,Matthew Stafford,120.46864185927187,161.92700444568447,-101.64484954214346,0.6598179825329438,0.1877909084997749,0.8122090915002251,,,"","",,,,,6,19,13
2021-10-31,2021,0,,IND,TEN,1561.49008374858,1553.39721722001,0.6036642265179828,0.3963357734820172,,,,,Carson Wentz,Ryan Tannehill,102.46922322975294,207.78041052066803,-21.756851343545005,6.311824854617033,0.529701537928559,0.470298462071441,,,"","",,,,,60,98,79
2021-10-31,2021,0,,CHI,SF,1496.16718002393,1490.66595095681,0.6000894181740032,0.3999105818259968,,,,,Andy Dalton,"",121.87840151254483,123.81011162040676,-11.19521455817951,-8.0210662679512,0.46901921437165645,0.5309807856283435,,,"","",,,,,47,87,67
2021-10-31,2021,0,,ATL,CAR,1484.49361709345,1436.53931839259,0.657059408994177,0.34294059100582297,,,,,Matt Ryan,Sam Darnold,178.59651696121685,104.47161660834459,0.9956722169156194,-17.899887158874932,0.6111375023518332,0.3888624976481668,,,"","",,,,,24,82,53
2021-10-31,2021,0,,BUF,MIA,1634.00386072407,1532.21301019351,0.7231468946133744,0.27685310538662555,,,,,Josh Allen,Tua Tagovailoa,244.60259409025804,128.2789391500762,10.202572355561548,-12.355888602365233,0.7438399353508868,0.25616006464911323,,,"","",,,,,79,76,78
2021-10-31,2021,0,,NYJ,CIN,1381.74750021599,1412.11982567755,0.5496688779774267,0.4503311220225733,,,,,Zach Wilson,Joe Burrow,112.44816,154.38751036221348,-2.0904255335861732,4.532814540039714,0.5241638141897689,0.4758361858102311,,,"","",,,,,10,53,32
2021-10-31,2021,0,,CLE,PIT,1531.69726243689,1526.42032423259,0.5997795319931319,0.40022046800686806,,,,,Baker Mayfield,Ben Roethlisberger,173.37698787347563,218.98733847377505,3.9617113469478564,9.106081842419744,0.6209326402782893,0.3790673597217107,,,"","",,,,,68,93,81
2021-10-31,2021,0,,DET,PHI,1390.64524910337,1426.46597194264,0.5418939030760643,0.45810609692393567,,,,,Jared Goff,Jalen Hurts,160.6390937928922,119.52962326488215,-1.519107942510196,-7.458144688717802,0.5003894789931259,0.4996105210068741,,,"","",,,,,6,45,26
2021-10-31,2021,0,,LAC,NE,1496.9453348771,1500.99746243259,0.5868222696545662,0.4131777303454338,,,,,Justin Herbert,Mac Jones,191.69135528399636,106.55369999999999,5.549695242539244,-15.1549713355976,0.6514389826973409,0.3485610173026591,,,"","",,,,,56,90,73
2021-10-31,2021,0,,SEA,JAX,1565.75113437891,1339.02356327475,0.8428143200039173,0.15718567999608268,,,,,Russell Wilson,Trevor Lawrence,187.03065281486022,112.90158,-0.3268685144871426,-6.469035658326765,0.7738483494063643,0.22615165059363573,,,"","",,,,,29,44,37
2021-10-31,2021,0,,NO,TB,1614.95936469189,1656.23592987083,0.534087806935172,0.465912193064828,,,,,Jameis Winston,Tom Brady,149.4754866924155,213.41055017436858,-15.689334234760217,8.527869371689466,0.42990433566786446,0.5700956643321355,,,"","",,,,,86,87,87
2021-10-31,2021,0,,DEN,WSH,1449.69551781791,1463.23379626925,0.5735224814649035,0.4264775185350965,,,,,Teddy Bridgewater,Ryan Fitzpatrick,160.13867808188877,190.4666912543703,12.5449040643386,24.823213135492193,0.5730956296203187,0.4269043703796813,,,"","",,,,,53,81,67
2021-10-31,2021,0,,MIN,DAL,1494.5227209927,1452.42423600283,0.6494240312908547,0.3505759687091453,,,,,Kirk Cousins,Dak Prescott,200.02342867698542,231.49179884034237,8.142599752013114,17.881196355442853,0.5652641671032353,0.43473583289676465,,,"","",,,,,57,89,73
2021-11-01,2021,0,,KC,NYG,1643.35778701558,1425.40108592539,0.8360092569796913,0.1639907430203087,,,,,Patrick Mahomes,Daniel Jones,232.16244186572052,120.818936231333,2.0822003296723293,-3.746332185520984,0.8160186029770061,0.18398139702299388,,,"","",,,,,67,34,51
2021-11-04,2021,0,,IND,NYJ,1561.49008374858,1381.74750021599,0.803584741486876,0.19641525851312402,,,,,Carson Wentz,Zach Wilson,102.46922322975294,112.44816,-21.756851343545005,-2.0904255335861732,0.7301525295128063,0.2698474704871937,,,"","",,,,,21,57,39
2021-11-07,2021,0,,NO,ATL,1614.95936469189,1484.49361709345,0.7549503775844942,0.24504962241550576,,,,,Jameis Winston,Matt Ryan,149.4754866924155,178.59651696121685,-15.689334234760217,0.9956722169156194,0.6794015256005049,0.32059847439949507,,,"","",,,,,48,88,68
2021-11-07,2021,0,,CAR,NE,1436.53931839259,1500.99746243259,0.500779792777796,0.49922020722220395,,,,,Sam Darnold,Mac Jones,104.47161660834459,106.55369999999999,-17.899887158874932,-15.1549713355976,0.49073586333361563,0.5092641366663844,,,"","",,,,,34,77,56
2021-11-07,2021,0,,CIN,CLE,1412.11982567755,1531.69726243689,0.4220964897784891,0.5779035102215109,,,,,Joe Burrow,Baker Mayfield,154.38751036221348,173.37698787347563,4.532814540039714,3.9617113469478564,0.387299835426878,0.612700164573122,,,"","",,,,,47,85,66
2021-11-07,2021,0,,JAX,BUF,1339.02356327475,1634.00386072407,0.2101746469882255,0.7898253530117745,,,,,Trevor Lawrence,Josh Allen,112.90158,244.60259409025804,-6.469035658326765,10.202572355561548,0.2627590236178049,0.7372409763821951,,,"","",,,,,42,50,46
2021-11-07,2021,0,,DAL,DEN,1452.42423600283,1449.69551781791,0.5962532919355839,0.40374670806441615,,,,,Dak Prescott,Teddy Bridgewater,231.49179884034237,160.13867808188877,17.881196355442853,12.5449040643386,0.6085745939297768,0.39142540607022325,,,"","",,,,,56,82,69
2021-11-07,2021,0,,NYG,OAK,1425.40108592539,1473.13101372901,0.5248331824059151,0.47516681759408486,,,,,Daniel Jones,Derek Carr,120.818936231333,184.3714181414348,-3.746332185520984,1.3024904665225285,0.5349061970708934,0.4650938029291066,,,"","",,,,,23,61,42
2021-11-07,2021,0,,MIA,HOU,1532.21301019351,1432.77554209903,0.7204264973370743,0.2795735026629257,,,,,Tua Tagovailoa,Tyrod Taylor,128.2789391500762,120.46864185927187,-12.355888602365233,-101.64484954214346,0.8628367061479236,0.13716329385207637,,,"","",,,,,3,15,9
2021-11-07,2021,0,,BAL,MIN,1605.83975771845,1494.5227209927,0.7339901851992885,0.2660098148007115,,,,,Lamar Jackson,Kirk Cousins,207.05646292688212,200.02342867698542,0.8426719396273135,8.142599752013114,0.7218345800782084,0.27816541992179156,,,"","",,,,,73,63,68
2021-11-07,2021,0,,PHI,LAC,1426.46597194264,1496.9453348771,0.4921152165590271,0.5078847834409729,,,,,Jalen Hurts,Justin Herbert,119.52962326488215,191.69135528399636,-7.458144688717802,5.549695242539244,0.45120476494890155,0.5487952350510985,,,"","",,,,,34,73,54
2021-11-07,2021,0,,SF,ARI,1490.66595095681,1486.43695568349,0.598330611899343,0.401669388100657,,,,,"",Kyler Murray,123.81011162040676,217.21686486028685,-8.0210662679512,5.662860138279655,0.651529707065304,0.348470292934696,,,"","",,,,,56,93,75
2021-11-07,2021,0,,KC,GB,1643.35778701558,1629.33743079564,0.611798331485999,0.38820166851400095,,,,,Patrick Mahomes,Aaron Rodgers,232.16244186572052,268.837927013728,2.0822003296723293,17.06913198329195,0.6368293396308683,0.3631706603691317,,,"","",,,,,94,57,76
2021-11-07,2021,0,,LAR,TEN,1571.73427292628,1553.39721722001,0.6176833263472009,0.3823166736527991,,,,,Matthew Stafford,Ryan Tannehill,161.92700444568447,207.78041052066803,0.6598179825329438,6.311824854617033,0.6285960243783415,0.3714039756216585,,,"","",,,,,75,71,73
2021-11-08,2021,0,,PIT,CHI,1526.42032423259,1496.16718002393,0.6337460030903699,0.3662539969096301,,,,,Ben Roethlisberger,Andy Dalton,218.98733847377505,121.87840151254483,9.106081842419744,-11.19521455817951,0.6554951839416414,0.3445048160583586,,,"","",,,,,39,63,51
2021-11-11,2021,0,,MIA,BAL,1532.21301019351,1605.83975771845,0.4875876630463472,0.5124123369536528,,,,,Tua Tagovailoa,Lamar Jackson,128.2789391500762,207.05646292688212,-12.355888602365233,0.8426719396273135,0.47459462748785036,0.5254053725121497,,,"","",,,,,74,92,83
2021-11-14,2021,0,,WSH,TB,1463.23379626925,1656.23592987083,0.3236956417660737,0.6763043582339263,,,,,Ryan Fitzpatrick,Tom Brady,190.4666912543703,213.41055017436858,24.823213135492193,8.527869371689466,0.40008167244298243,0.5999183275570176,,,"","",,,,,83,79,81
2021-11-14,2021,0,,IND,JAX,1561.49008374858,1339.02356327475,0.8395374242083504,0.16046257579164958,,,,,Carson Wentz,Trevor Lawrence,102.46922322975294,112.90158,-21.756851343545005,-6.469035658326765,0.7432765994257172,0.2567234005742828,,,"","",,,,,19,71,45
2021-11-14,2021,0,,TEN,NO,1553.39721722001,1614.95936469189,0.5049473060273835,0.49505269397261653,,,,,Ryan Tannehill,Jameis Winston,207.78041052066803,149.4754866924155,6.311824854617033,-15.689334234760217,0.5868282830866859,0.4131717169133141,,,"","",,,,,68,83,76
2021-11-14,2021,0,,NE,CLE,1500.99746243259,1531.69726243689,0.5492022111956135,0.4507977888043865,,,,,Mac Jones,Baker Mayfield,106.55369999999999,173.37698787347563,-15.1549713355976,3.9617113469478564,0.49366132223220943,0.5063386777677905,,,"","",,,,,66,94,80
2021-11-14,2021,0,,DAL,ATL,1452.42423600283,1484.49361709345,0.5472495641448477,0.4527504358551523,,,,,Dak Prescott,Matt Ryan,231.49179884034237,178.59651696121685,17.881196355442853,0.9956722169156194,0.663816363588601,0.33618363641139903,,,"","",,,,,45,81,63
2021-11-14,2021,0,,NYJ,BUF,1381.74750021599,1634.00386072407,0.2538971376663634,0.7461028623336365,,,,,Zach Wilson,Josh Allen,112.44816,244.60259409025804,-2.0904255335861732,10.202572355561548,0.2730643978393334,0.7269356021606665,,,"","",,,,,46,57,52
2021-11-14,2021,0,,PIT,DET,1526.42032423259,1390.64524910337,0.7605603818971167,0.23943961810288328,,,,,Ben Roethlisberger,Jared Goff,218.98733847377505,160.6390937928922,9.106081842419744,-1.519107942510196,0.7313229077289419,0.26867709227105807,,,"","",,,,,18,37,28
2021-11-14,2021,0,,ARI,CAR,1486.43695568349,1436.53931839259,0.6595756996348048,0.3404243003651952,,,,,Kyler Murray,Sam Darnold,217.21686486028685,104.47161660834459,5.662860138279655,-17.899887158874932,0.6537419391361329,0.3462580608638671,,,"","",,,,,30,81,56
2021-11-14,2021,0,,LAC,MIN,1496.9453348771,1494.5227209927,0.5958290257051431,0.40417097429485693,,,,,Justin Herbert,Kirk Cousins,191.69135528399636,200.02342867698542,5.549695242539244,8.142599752013114,0.6044170869169952,0.39558291308300475,,,"","",,,,,57,81,69
2021-11-14,2021,0,,DEN,PHI,1449.69551781791,1426.46597194264,0.6243117328551875,0.3756882671448125,,,,,Teddy Bridgewater,Jalen Hurts,160.13867808188877,119.52962326488215,12.5449040643386,-7.458144688717802,0.6927522193495728,0.30724778065042724,,,"","",,,,,30,61,46
2021-11-14,2021,0,,GB,SEA,1629.33743079564,1565.75113437891,0.6770400753084774,0.32295992469152257,,,,,Aaron Rodgers,Russell Wilson,268.837927013728,187.03065281486022,17.06913198329195,-0.3268685144871426,0.6206729056698993,0.3793270943301007,,,"","",,,,,83,81,82
2021-11-14,2021,0,,OAK,KC,1473.13101372901,1643.35778701558,0.3530329435156796,0.6469670564843204,,,,,Derek Carr,Patrick Mahomes,184.3714181414348,232.16244186572052,1.3024904665225285,2.0822003296723293,0.32724139603791774,0.6727586039620823,,,"","",,,,,71,74,73
2021-11-15,2021,0,,SF,LAR,1490.66595095681,1571.73427292628,0.47689229859923404,0.5231077014007659,,,,,"",Matthew Stafford,123.81011162040676,161.92700444568447,-8.0210662679512,0.6598179825329438,0.5374138452724841,0.46258615472751585,,,"","",,,,,75,94,85
2021-11-18,2021,0,,ATL,NE,1484.49361709345,1500.99746243259,0.5693418211473754,0.4306581788526246,,,,,Matt Ryan,Mac Jones,178.59651696121685,106.55369999999999,0.9956722169156194,-15.1549713355976,0.524529073002756,0.475470926997244,,,"","",,,,,40,81,61
2021-11-21,2021,0,,PHI,NO,1426.46597194264,1614.95936469189,0.32940329206455365,0.6705967079354463,,,,,Jalen Hurts,Jameis Winston,119.52962326488215,149.4754866924155,-7.458144688717802,-15.689334234760217,0.42411335736911293,0.5758866426308871,,,"","",,,,,37,85,61
2021-11-21,2021,0,,CAR,WSH,1436.53931839259,1463.23379626925,0.5549037959840859,0.4450962040159141,,,,,Sam Darnold,Ryan Fitzpatrick,104.47161660834459,190.4666912543703,-17.899887158874932,24.823213135492193,0.4750845378715418,0.5249154621284582,,,"","",,,,,36,87,62
2021-11-21,2021,0,,NYJ,MIA,1381.74750021599,1532.21301019351,0.3794274713291799,0.6205725286708201,,,,,Zach Wilson,Tua Tagovailoa,112.44816,128.2789391500762,-2.0904255335861732,-12.355888602365233,0.4056787256734473,0.5943212743265527,,,"","",,,,,23,81,52
2021-11-21,2021,0,,BUF,IND,1634.00386072407,1561.49008374858,0.6881732616710845,0.3118267383289155,,,,,Josh Allen,Carson Wentz,244.60259409025804,102.46922322975294,10.202572355561548,-21.756851343545005,0.7240756932352123,0.27592430676478774,,,"","",,,,,77,67,72
2021-11-21,2021,0,,MIN,GB,1494.5227209927,1629.33743079564,0.4008593465788701,0.5991406534211299,,,,,Kirk Cousins,Aaron Rodgers,200.02342867698542,268.837927013728,8.142599752013114,17.06913198329195,0.44970777244541094,0.5502922275545891,,,"","",,,,,75,95,85
2021-11-21,2021,0,,JAX,SF,1339.02356327475,1490.66595095681,0.37783360429568413,0.6221663957043159,,,,,Trevor Lawrence,"",112.90158,123.81011162040676,-6.469035658326765,-8.0210662679512,0.3643849994076055,0.6356150005923945,,,"","",,,,,26,61,44
2021-11-21,2021,0,,CHI,BAL,1496.16718002393,1605.83975771845,0.436062947410546,0.563937052589454,,,,,Andy Dalton,Lamar Jackson,121.87840151254483,207.05646292688212,-11.19521455817951,0.8426719396273135,0.42280422859566813,0.5771957714043319,,,"","",,,,,59,73,66
2021-11-21,2021,0,,TEN,HOU,1553.39721722001,1432.77554209903,0.7443161686797182,0.25568383132028183,,,,,Ryan Tannehill,"",207.78041052066803,122.63518567181309,6.311824854617033,-99.47830572960223,0.8605613646312676,0.13943863536873236,,,"","",,,,,5,21,13
2021-11-21,2021,0,,CLE,DET,1531.69726243689,1390.64524910337,0.76604833529179,0.23395166470821005,,,,,Baker Mayfield,Jared Goff,173.37698787347563,160.6390937928922,3.9617113469478564,-1.519107942510196,0.8116551021948474,0.18834489780515262,,,"","",,,,,29,31,30
2021-11-21,2021,0,,OAK,CIN,1473.13101372901,1412.11982567755,0.6737903437597272,0.32620965624027276,,,,,Derek Carr,Joe Burrow,184.3714181414348,154.38751036221348,1.3024904665225285,4.532814540039714,0.5901911024231679,0.40980889757683214,,,"","",,,,,21,63,42
2021-11-21,2021,0,,SEA,ARI,1565.75113437891,1486.43695568349,0.6965112052750226,0.30348879472497736,,,,,Russell Wilson,Kyler Murray,187.03065281486022,217.21686486028685,-0.3268685144871426,5.662860138279655,0.6703710193688793,0.32962898063112067,,,"","",,,,,59,91,75
2021-11-21,2021,0,,KC,DAL,1643.35778701558,1452.42423600283,0.8135541967374353,0.18644580326256466,,,,,Patrick Mahomes,Dak Prescott,232.16244186572052,231.49179884034237,2.0822003296723293,17.881196355442853,0.7332069578023432,0.26679304219765676,,,"","",,,,,84,56,70
2021-11-21,2021,0,,LAC,PIT,1496.9453348771,1526.42032423259,0.5509471744034399,0.4490528255965601,,,,,Justin Herbert,Ben Roethlisberger,191.69135528399636,218.98733847377505,5.549695242539244,9.106081842419744,0.6070365922892423,0.39296340771075766,,,"","",,,,,57,92,75
2021-11-22,2021,0,,TB,NYG,1656.23592987083,1425.40108592539,0.8459212264508948,0.15407877354910515,,,,,Tom Brady,Daniel Jones,213.41055017436858,120.818936231333,8.527869371689466,-3.746332185520984,0.7937773583635389,0.2062226416364611,,,"","",,,,,67,44,56
2021-11-25,2021,0,,DET,CHI,1390.64524910337,1496.16718002393,0.44194724400853186,0.5580527559914681,,,,,Jared Goff,Andy Dalton,160.6390937928922,121.87840151254483,-1.519107942510196,-11.19521455817951,0.45398336999411554,0.5460166300058844,,,"","",,,,,10,54,32
2021-11-25,2021,0,,DAL,OAK,1452.42423600283,1473.13101372901,0.5633999685131494,0.43660003148685056,,,,,Dak Prescott,Derek Carr,231.49179884034237,184.3714181414348,17.881196355442853,1.3024904665225285,0.6728149403081632,0.32718505969183675,,,"","",,,,,43,67,55
2021-11-25,2021,0,,NO,BUF,1614.95936469189,1634.00386072407,0.5657522765764581,0.4342477234235419,,,,,Jameis Winston,Josh Allen,149.4754866924155,244.60259409025804,-15.689334234760217,10.202572355561548,0.4709039824686637,0.5290960175313363,,,"","",,,,,83,74,79
2021-11-28,2021,0,,MIA,CAR,1532.21301019351,1436.53931839259,0.7160419256611156,0.2839580743388844,,,,,Tua Tagovailoa,Sam Darnold,128.2789391500762,104.47161660834459,-12.355888602365233,-17.899887158874932,0.6826017409297862,0.3173982590702138,,,"","",,,,,36,69,53
2021-11-28,2021,0,,HOU,NYJ,1432.77554209903,1381.74750021599,0.6610352616460774,0.3389647383539226,,,,,"",Zach Wilson,124.80172948435433,112.44816,-97.31176191706099,-2.0904255335861732,0.4007198725005592,0.5992801274994408,,,"","",,,,,0,19,10
2021-11-28,2021,0,,IND,TB,1561.49008374858,1656.23592987083,0.45729657411025393,0.5427034258897461,,,,,Carson Wentz,Tom Brady,102.46922322975294,213.41055017436858,-21.756851343545005,8.527869371689466,0.38843670572145755,0.6115632942785425,,,"","",,,,,81,65,73
2021-11-28,2021,0,,CIN,PIT,1412.11982567755,1526.42032423259,0.4295232645672633,0.5704767354327367,,,,,Joe Burrow,Ben Roethlisberger,154.38751036221348,218.98733847377505,4.532814540039714,9.106081842419744,0.4651254109368383,0.5348745890631617,,,"","",,,,,33,85,59
2021-11-28,2021,0,,NYG,PHI,1425.40108592539,1426.46597194264,0.5909853129697694,0.4090146870302306,,,,,Daniel Jones,Jalen Hurts,120.818936231333,119.52962326488215,-3.746332185520984,-7.458144688717802,0.60445575073462,0.39554424926538,,,"","",,,,,18,78,48
2021-11-28,2021,0,,NE,TEN,1500.99746243259,1553.39721722001,0.5181252647552388,0.4818747352447612,,,,,Mac Jones,Ryan Tannehill,106.55369999999999,207.78041052066803,-15.1549713355976,6.311824854617033,0.5323070128834304,0.4676929871165696,,,"","",,,,,60,90,75
2021-11-28,2021,0,,JAX,ATL,1339.02356327475,1484.49361709345,0.38622154952199866,0.6137784504780013,,,,,Trevor Lawrence,Matt Ryan,112.90158,178.59651696121685,-6.469035658326765,0.9956722169156194,0.4594704383215878,0.5405295616784123,,,"","",,,,,13,59,36
2021-11-28,2021,0,,DEN,LAC,1449.69551781791,1496.9453348771,0.5255223652067309,0.4744776347932691,,,,,Teddy Bridgewater,Justin Herbert,160.13867808188877,191.69135528399636,12.5449040643386,5.549695242539244,0.5919979584984851,0.40800204150151487,,,"","",,,,,56,96,76
2021-11-28,2021,0,,GB,LAR,1629.33743079564,1571.73427292628,0.6694637114870742,0.3305362885129258,,,,,Aaron Rodgers,Matthew Stafford,268.837927013728,161.92700444568447,17.06913198329195,0.6598179825329438,0.5972179929981412,0.40278200700185884,,,"","",,,,,86,86,86
2021-11-28,2021,0,,SF,MIN,1490.66595095681,1494.5227209927,0.5870949079608854,0.41290509203911463,,,,,"",Kirk Cousins,123.81011162040676,200.02342867698542,-8.0210662679512,8.142599752013114,0.6276851142870211,0.3723148857129789,,,"","",,,,,61,91,76
2021-11-28,2021,0,,BAL,CLE,1605.83975771845,1531.69726243689,0.6901816334859522,0.3098183665140478,,,,,Lamar Jackson,Baker Mayfield,207.05646292688212,173.37698787347563,0.8426719396273135,3.9617113469478564,0.6163162297637484,0.38368377023625155,,,"","",,,,,84,92,88
2021-11-29,2021,0,,WSH,SEA,1463.23379626925,1565.75113437891,0.44621709237696217,0.5537829076230378,,,,,Ryan Fitzpatrick,Russell Wilson,190.4666912543703,187.03065281486022,24.823213135492193,-0.3268685144871426,0.5371526759636938,0.46284732403630624,,,"","",,,,,66,92,79
2021-12-02,2021,0,,NO,DAL,1614.95936469189,1452.42423600283,0.787479266424222,0.21252073357577805,,,,,Jameis Winston,Dak Prescott,149.4754866924155,231.49179884034237,-15.689334234760217,17.881196355442853,0.5998853862124496,0.4001146137875504,,,"","",,,,,64,91,78
2021-12-05,2021,0,,CHI,ARI,1496.16718002393,1486.43695568349,0.6059170681540336,0.39408293184596643,,,,,Andy Dalton,Kyler Murray,121.87840151254483,217.21686486028685,-11.19521455817951,5.662860138279655,0.5043340398254779,0.49566596017452214,,,"","",,,,,34,85,60
2021-12-05,2021,0,,NYJ,PHI,1381.74750021599,1426.46597194264,0.5291543571576941,0.4708456428423059,,,,,Zach Wilson,Jalen Hurts,112.44816,119.52962326488215,-2.0904255335861732,-7.458144688717802,0.5304874399497026,0.4695125600502974,,,"","",,,,,9,51,30
2021-12-05,2021,0,,CIN,LAC,1412.11982567755,1496.9453348771,0.47149972548905905,0.528500274510941,,,,,Joe Burrow,Justin Herbert,154.38751036221348,191.69135528399636,4.532814540039714,5.549695242539244,0.4574018609893019,0.5425981390106981,,,"","",,,,,35,83,59
2021-12-05,2021,0,,KC,DEN,1643.35778701558,1449.69551781791,0.8159250836890248,0.18407491631097517,,,,,Patrick Mahomes,Teddy Bridgewater,232.16244186572052,160.13867808188877,2.0822003296723293,12.5449040643386,0.7802163079067348,0.2197836920932652,,,"","",,,,,81,69,75
2021-12-05,2021,0,,ATL,TB,1484.49361709345,1656.23592987083,0.3510429066344585,0.6489570933655415,,,,,Matt Ryan,Tom Brady,178.59651696121685,213.41055017436858,0.9956722169156194,8.527869371689466,0.3299694963639098,0.6700305036360902,,,"","",,,,,72,76,74
2021-12-05,2021,0,,DET,MIN,1390.64524910337,1494.5227209927,0.44428317456145494,0.5557168254385451,,,,,Jared Goff,Kirk Cousins,160.6390937928922,200.02342867698542,-1.519107942510196,8.142599752013114,0.37947230220290196,0.620527697797098,,,"","",,,,,18,68,43
2021-12-05,2021,0,,HOU,IND,1432.77554209903,1561.49008374858,0.40932164042600944,0.5906783595739906,,,,,"",Carson Wentz,128.0515452031662,102.46922322975294,-94.06194619824913,-21.756851343545005,0.2572149460409126,0.7427850539590874,,,"","",,,,,3,36,20
2021-12-05,2021,0,,MIA,NYG,1532.21301019351,1425.40108592539,0.7288960769663758,0.2711039230336242,,,,,Tua Tagovailoa,Daniel Jones,128.2789391500762,120.818936231333,-12.355888602365233,-3.746332185520984,0.6820360656180338,0.31796393438196624,,,"","",,,,,37,68,53
2021-12-05,2021,0,,OAK,WSH,1473.13101372901,1463.23379626925,0.6061465830284769,0.3938534169715231,,,,,Derek Carr,Ryan Fitzpatrick,184.3714181414348,190.4666912543703,1.3024904665225285,24.823213135492193,0.5094512512269861,0.4905487487730139,,,"","",,,,,41,75,58
2021-12-05,2021,0,,LAR,JAX,1571.73427292628,1339.02356327475,0.8473234160469327,0.15267658395306727,,,,,Matthew Stafford,Trevor Lawrence,161.92700444568447,112.90158,0.6598179825329438,-6.469035658326765,0.8128142368238896,0.18718576317611035,,,"","",,,,,32,38,35
2021-12-05,2021,0,,PIT,BAL,1526.42032423259,1605.83975771845,0.47926067327832605,0.520739326721674,,,,,Ben Roethlisberger,Lamar Jackson,218.98733847377505,207.05646292688212,9.106081842419744,0.8426719396273135,0.4632519082426544,0.5367480917573456,,,"","",,,,,73,94,84
2021-12-05,2021,0,,SEA,SF,1565.75113437891,1490.66595095681,0.6913407984880519,0.30865920151194814,,,,,Russell Wilson,"",187.03065281486022,123.81011162040676,-0.3268685144871426,-8.0210662679512,0.6000510092819934,0.3999489907180066,,,"","",,,,,72,95,84
2021-12-06,2021,0,,BUF,NE,1634.00386072407,1500.99746243259,0.7576459378786727,0.24235406212132726,,,,,Josh Allen,Mac Jones,244.60259409025804,106.55369999999999,10.202572355561548,-15.1549713355976,0.7248616114180628,0.2751383885819372,,,"","",,,,,77,83,80
2021-12-09,2021,0,,MIN,PIT,1494.5227209927,1526.42032423259,0.5474945532872302,0.4525054467127698,,,,,Kirk Cousins,Ben Roethlisberger,200.02342867698542,218.98733847377505,8.142599752013114,9.106081842419744,0.5819072124599717,0.4180927875400283,,,"","",,,,,54,84,69
2021-12-12,2021,0,,NYJ,NO,1381.74750021599,1614.95936469189,0.2752184149178986,0.7247815850821013,,,,,Zach Wilson,Jameis Winston,112.44816,149.4754866924155,-2.0904255335861732,-15.689334234760217,0.37743170555485944,0.6225682944451405,,,"","",,,,,28,64,46
2021-12-12,2021,0,,HOU,SEA,1432.77554209903,1565.75113437891,0.40340464078996774,0.5965953592100323,,,,,"",Russell Wilson,130.21808901570745,187.03065281486022,-91.89540238570788,-0.3268685144871426,0.21498694763354734,0.7850130523664527,,,"","",,,,,6,27,17
2021-12-12,2021,0,,CAR,ATL,1436.53931839259,1484.49361709345,0.5245110729444644,0.4754889270555356,,,,,Sam Darnold,Matt Ryan,104.47161660834459,178.59651696121685,-17.899887158874932,0.9956722169156194,0.5830845674751411,0.41691543252485885,,,"","",,,,,24,87,56
2021-12-12,2021,0,,WSH,DAL,1463.23379626925,1452.42423600283,0.6073996751317078,0.3926003248682922,,,,,Ryan Fitzpatrick,Dak Prescott,190.4666912543703,231.49179884034237,24.823213135492193,17.881196355442853,0.5723588771880371,0.42764112281196287,,,"","",,,,,58,97,78
2021-12-12,2021,0,,TEN,JAX,1553.39721722001,1339.02356327475,0.8331618899162586,0.1668381100837414,,,,,Ryan Tannehill,Trevor Lawrence,207.78041052066803,112.90158,6.311824854617033,-6.469035658326765,0.8031053800579816,0.1968946199420184,,,"","",,,,,26,63,45
2021-12-12,2021,0,,KC,OAK,1643.35778701558,1473.13101372901,0.7947949043950009,0.2052050956049991,,,,,Patrick Mahomes,Derek Carr,232.16244186572052,184.3714181414348,2.0822003296723293,1.3024904665225285,0.8032738259789428,0.1967261740210572,,,"","",,,,,71,58,65
2021-12-12,2021,0,,CLE,BAL,1531.69726243689,1605.83975771845,0.48684592764381557,0.5131540723561845,,,,,Baker Mayfield,Lamar Jackson,173.37698787347563,207.05646292688212,3.9617113469478564,0.8426719396273135,0.5786887201678806,0.42131127983211936,,,"","",,,,,84,94,89
2021-12-12,2021,0,,CIN,SF,1412.11982567755,1490.66595095681,0.48051543071008634,0.5194845692899137,,,,,Joe Burrow,"",154.38751036221348,123.81011162040676,4.532814540039714,-8.0210662679512,0.43417769628023584,0.5658223037197642,,,"","",,,,,40,71,56
2021-12-12,2021,0,,LAC,NYG,1496.9453348771,1425.40108592539,0.6869743631624652,0.3130256368375348,,,,,Justin Herbert,Daniel Jones,191.69135528399636,120.818936231333,5.549695242539244,-3.746332185520984,0.697455144766472,0.30254485523352803,,,"","",,,,,39,66,53
2021-12-12,2021,0,,DEN,DET,1449.69551781791,1390.64524910337,0.6713044348534071,0.3286955651465929,,,,,Teddy Bridgewater,Jared Goff,160.13867808188877,160.6390937928922,12.5449040643386,-1.519107942510196,0.7555760240617948,0.2444239759382052,,,"","",,,,,17,39,28
2021-12-12,2021,0,,TB,BUF,1656.23592987083,1634.00386072407,0.6229640226706054,0.37703597732939464,,,,,Tom Brady,Josh Allen,213.41055017436858,244.60259409025804,8.527869371689466,10.202572355561548,0.6206739965299508,0.3793260034700492,,,"","",,,,,95,53,74
2021-12-12,2021,0,,GB,CHI,1629.33743079564,1496.16718002393,0.7578190867880332,0.24218091321196678,,,,,Aaron Rodgers,Andy Dalton,268.837927013728,121.87840151254483,17.06913198329195,-11.19521455817951,0.7864002819544675,0.21359971804553246,,,"","",,,,,62,71,67
2021-12-13,2021,0,,ARI,LAR,1486.43695568349,1571.73427292628,0.4708229980019741,0.529177001998026,,,,,Kyler Murray,Matthew Stafford,217.21686486028685,161.92700444568447,5.662860138279655,0.6598179825329438,0.46396071785216103,0.536039282147839,,,"","",,,,,63,95,79
2021-12-16,2021,0,,LAC,KC,1496.9453348771,1643.35778701558,0.38493635372801105,0.615063646271989,,,,,Justin Herbert,Patrick Mahomes,191.69135528399636,232.16244186572052,5.549695242539244,2.0822003296723293,0.416362631896784,0.583637368103216,,,"","",,,,,84,91,88
2021-12-19,2021,0,,PHI,WSH,1426.46597194264,1463.23379626925,0.5405401773497541,0.4594598226502459,,,,,Jalen Hurts,Ryan Fitzpatrick,119.52962326488215,190.4666912543703,-7.458144688717802,24.823213135492193,0.486599732633636,0.513400267366364,,,"","",,,,,32,92,62
2021-12-19,2021,0,,MIA,NYJ,1532.21301019351,1381.74750021599,0.7756195669891702,0.22438043301082977,,,,,Tua Tagovailoa,Zach Wilson,128.2789391500762,112.44816,-12.355888602365233,-2.0904255335861732,0.770125630448293,0.22987436955170704,,,"","",,,,,23,64,44
2021-12-19,2021,0,,CLE,OAK,1531.69726243689,1473.13101372901,0.6706893437765017,0.3293106562234983,,,,,Baker Mayfield,Derek Carr,173.37698787347563,184.3714181414348,3.9617113469478564,1.3024904665225285,0.7282873873223554,0.27171261267764457,,,"","",,,,,53,73,63
2021-12-19,2021,0,,IND,NE,1561.49008374858,1500.99746243259,0.6731338856954158,0.32686611430458423,,,,,Carson Wentz,Mac Jones,102.46922322975294,106.55369999999999,-21.756851343545005,-15.1549713355976,0.5841824940346867,0.4158175059653133,,,"","",,,,,51,93,72
2021-12-19,2021,0,,BUF,CAR,1634.00386072407,1436.53931839259,0.8191897134680473,0.18081028653195275,,,,,Josh Allen,Sam Darnold,244.60259409025804,104.47161660834459,10.202572355561548,-17.899887158874932,0.7928047799920632,0.20719522000793678,,,"","",,,,,61,45,53
2021-12-19,2021,0,,JAX,HOU,1339.02356327475,1432.77554209903,0.4587167742176107,0.5412832257823893,,,,,Trevor Lawrence,"",112.90158,133.4679047345193,-6.469035658326765,-88.64558666689602,0.7253768835180883,0.27462311648191173,,,"","",,,,,0,17,9
2021-12-19,2021,0,,NYG,DAL,1425.40108592539,1452.42423600283,0.5544364535216311,0.44556354647836893,,,,,Daniel Jones,Dak Prescott,120.818936231333,231.49179884034237,-3.746332185520984,17.881196355442853,0.4711121912298265,0.5288878087701735,,,"","",,,,,39,95,67
2021-12-19,2021,0,,BAL,GB,1605.83975771845,1629.33743079564,0.5594441800251778,0.4405558199748222,,,,,Lamar Jackson,Aaron Rodgers,207.05646292688212,268.837927013728,0.8426719396273135,17.06913198329195,0.5694445220494364,0.4305554779505636,,,"","",,,,,89,73,81
2021-12-19,2021,0,,DET,ARI,1390.64524910337,1486.43695568349,0.4558028272684342,0.5441971727315658,,,,,Jared Goff,Kyler Murray,160.6390937928922,217.21686486028685,-1.519107942510196,5.662860138279655,0.41581702561415534,0.5841829743858447,,,"","",,,,,15,58,37
2021-12-19,2021,0,,PIT,TEN,1526.42032423259,1553.39721722001,0.5545022328048771,0.4454977671951229,,,,,Ben Roethlisberger,Ryan Tannehill,218.98733847377505,207.78041052066803,9.106081842419744,6.311824854617033,0.5387076789574085,0.46129232104259155,,,"","",,,,,62,89,76
2021-12-19,2021,0,,SF,ATL,1490.66595095681,1484.49361709345,0.6010161551062728,0.3989838448937272,,,,,"",Matt Ryan,123.81011162040676,178.59651696121685,-8.0210662679512,0.9956722169156194,0.6916164974560025,0.3083835025439975,,,"","",,,,,49,87,68
2021-12-19,2021,0,,DEN,CIN,1449.69551781791,1412.11982567755,0.6434737006949093,0.3565262993050907,,,,,Teddy Bridgewater,Joe Burrow,160.13867808188877,154.38751036221348,12.5449040643386,4.532814540039714,0.6825320877541152,0.3174679122458848,,,"","",,,,,31,74,53
2021-12-19,2021,0,,LAR,SEA,1571.73427292628,1565.75113437891,0.6007549658710848,0.3992450341289152,,,,,Matthew Stafford,Russell Wilson,161.92700444568447,187.03065281486022,0.6598179825329438,-0.3268685144871426,0.6082912800085533,0.39170871999144674,,,"","",,,,,78,95,87
2021-12-19,2021,0,,TB,NO,1656.23592987083,1614.95936469189,0.6483460729479772,0.3516539270520228,,,,,Tom Brady,Jameis Winston,213.41055017436858,149.4754866924155,8.527869371689466,-15.689334234760217,0.7185911879185817,0.2814088120814183,,,"","",,,,,86,78,82
2021-12-20,2021,0,,CHI,MIN,1496.16718002393,1494.5227209927,0.5947498448231474,0.4052501551768526,,,,,Andy Dalton,Kirk Cousins,121.87840151254483,200.02342867698542,-11.19521455817951,8.142599752013114,0.5026422340441713,0.4973577659558287,,,"","",,,,,39,94,67
2021-12-23,2021,0,,TEN,SF,1553.39721722001,1490.66595095681,0.6759629211473648,0.3240370788526352,,,,,Ryan Tannehill,"",207.78041052066803,123.81011162040676,6.311824854617033,-8.0210662679512,0.5909479779121859,0.4090520220878141,,,"","",,,,,69,83,76
2021-12-25,2021,0,,GB,CLE,1629.33743079564,1531.69726243689,0.7183379247536877,0.28166207524631226,,,,,Aaron Rodgers,Baker Mayfield,268.837927013728,173.37698787347563,17.06913198329195,3.9617113469478564,0.6291459564512712,0.37085404354872875,,,"","",,,,,85,72,79
2021-12-25,2021,0,,ARI,IND,1486.43695568349,1561.49008374858,0.4855364220430685,0.5144635779569315,,,,,Kyler Murray,Carson Wentz,217.21686486028685,102.46922322975294,5.662860138279655,-21.756851343545005,0.5631794055352155,0.4368205944647845,,,"","",,,,,47,83,65
2021-12-26,2021,0,,MIN,LAR,1494.5227209927,1571.73427292628,0.48243339718744405,0.517566602812556,,,,,Kirk Cousins,Matthew Stafford,200.02342867698542,161.92700444568447,8.142599752013114,0.6598179825329438,0.5020087465713214,0.49799125342867856,,,"","",,,,,68,94,81
2021-12-26,2021,0,,ATL,DET,1484.49361709345,1390.64524910337,0.7139006564484514,0.28609934355154865,,,,,Matt Ryan,Jared Goff,178.59651696121685,160.6390937928922,0.9956722169156194,-1.519107942510196,0.7065264233434454,0.2934735766565546,,,"","",,,,,11,46,29
2021-12-26,2021,0,,NE,BUF,1500.99746243259,1634.00386072407,0.40336196274738323,0.5966380372526168,,,,,Mac Jones,Josh Allen,106.55369999999999,244.60259409025804,-15.1549713355976,10.202572355561548,0.4212407207545168,0.5787592792454832,,,"","",,,,,77,90,84
2021-12-26,2021,0,,PHI,NYG,1426.46597194264,1425.40108592539,0.5939454703400722,0.40605452965992783,,,,,Jalen Hurts,Daniel Jones,119.52962326488215,120.818936231333,-7.458144688717802,-3.746332185520984,0.5530678346049245,0.4469321653950755,,,"","",,,,,18,82,50
2021-12-26,2021,0,,CAR,TB,1436.53931839259,1656.23592987083,0.29100556663033333,0.7089944333696667,,,,,Sam Darnold,Tom Brady,104.47161660834459,213.41055017436858,-17.899887158874932,8.527869371689466,0.30229195580570645,0.6977080441942936,,,"","",,,,,67,71,69
2021-12-26,2021,0,,CIN,BAL,1412.11982567755,1605.83975771845,0.32279174180942055,0.6772082581905794,,,,,Joe Burrow,Lamar Jackson,154.38751036221348,207.05646292688212,4.532814540039714,0.8426719396273135,0.35335984236763823,0.6466401576323617,,,"","",,,,,52,82,67
2021-12-26,2021,0,,NYJ,JAX,1381.74750021599,1339.02356327475,0.6502432994894207,0.3497567005105793,,,,,Zach Wilson,Trevor Lawrence,112.44816,112.90158,-2.0904255335861732,-6.469035658326765,0.5992285463965946,0.4007714536034054,,,"","",,,,,4,50,27
2021-12-26,2021,0,,HOU,LAC,1432.77554209903,1496.9453348771,0.5011947619593516,0.49880523804064836,,,,,"",Justin Herbert,135.63444854706054,191.69135528399636,-86.47904285435479,5.549695242539244,0.2487457421799858,0.7512542578200142,,,"","",,,,,5,33,19
2021-12-26,2021,0,,SEA,CHI,1565.75113437891,1496.16718002393,0.684542662349022,0.31545733765097805,,,,,Russell Wilson,Andy Dalton,187.03065281486022,121.87840151254483,-0.3268685144871426,-11.19521455817951,0.7136877579901026,0.28631224200989736,,,"","",,,,,50,78,64
2021-12-26,2021,0,,KC,PIT,1643.35778701558,1526.42032423259,0.7402592076324312,0.25974079236756875,,,,,Patrick Mahomes,Ben Roethlisberger,232.16244186572052,218.98733847377505,2.0822003296723293,9.106081842419744,0.7482373617862101,0.25176263821378986,,,"","",,,,,82,67,75
2021-12-26,2021,0,,OAK,DEN,1473.13101372901,1449.69551781791,0.6245897570854338,0.37541024291456615,,,,,Derek Carr,Teddy Bridgewater,184.3714181414348,160.13867808188877,1.3024904665225285,12.5449040643386,0.515056522940578,0.484943477059422,,,"","",,,,,38,90,64
2021-12-26,2021,0,,DAL,WSH,1452.42423600283,1463.23379626925,0.5773600026537596,0.42263999734624036,,,,,Dak Prescott,Ryan Fitzpatrick,231.49179884034237,190.4666912543703,17.881196355442853,24.823213135492193,0.5980597733401889,0.4019402266598111,,,"","",,,,,58,97,78
2021-12-27,2021,0,,NO,MIA,1614.95936469189,1532.21301019351,0.7006712598797518,0.29932874012024824,,,,,Jameis Winston,Tua Tagovailoa,149.4754866924155,128.2789391500762,-15.689334234760217,-12.355888602365233,0.611205620452225,0.38879437954777496,,,"","",,,,,62,85,74
2022-01-02,2021,0,,CHI,NYG,1496.16718002393,1425.40108592539,0.6860103003544096,0.3139896996455904,,,,,Andy Dalton,Daniel Jones,121.87840151254483,120.818936231333,-11.19521455817951,-3.746332185520984,0.6007896036214341,0.3992103963785659,,,"","",,,,,23,75,49
2022-01-02,2021,0,,TEN,MIA,1553.39721722001,1532.21301019351,0.6215461849612582,0.37845381503874176,,,,,Ryan Tannehill,Tua Tagovailoa,207.78041052066803,128.2789391500762,6.311824854617033,-12.355888602365233,0.617536994608415,0.38246300539158495,,,"","",,,,,63,88,76
2022-01-02,2021,0,,DAL,ARI,1452.42423600283,1486.43695568349,0.5444764128911999,0.45552358710880014,,,,,Dak Prescott,Kyler Murray,231.49179884034237,217.21686486028685,17.881196355442853,5.662860138279655,0.6309262686317807,0.3690737313682193,,,"","",,,,,51,89,70
2022-01-02,2021,0,,NO,CAR,1614.95936469189,1436.53931839259,0.8023803343394073,0.19761966566059275,,,,,Jameis Winston,Sam Darnold,149.4754866924155,104.47161660834459,-15.689334234760217,-17.899887158874932,0.7081613150514946,0.2918386849485054,,,"","",,,,,42,88,65
2022-01-02,2021,0,,NE,JAX,1500.99746243259,1339.02356327475,0.7869380888262003,0.2130619111737997,,,,,Mac Jones,Trevor Lawrence,106.55369999999999,112.90158,-15.1549713355976,-6.469035658326765,0.743609016679068,0.256390983320932,,,"","",,,,,19,62,41
2022-01-02,2021,0,,BUF,ATL,1634.00386072407,1484.49361709345,0.7746611123966819,0.2253388876033181,,,,,Josh Allen,Matt Ryan,244.60259409025804,178.59651696121685,10.202572355561548,0.9956722169156194,0.7712391442237985,0.22876085577620153,,,"","",,,,,67,51,59
2022-01-02,2021,0,,NYJ,TB,1381.74750021599,1656.23592987083,0.23042511461536055,0.7695748853846395,,,,,Zach Wilson,Tom Brady,112.44816,213.41055017436858,-2.0904255335861732,8.527869371689466,0.24711368158026686,0.7528863184197332,,,"","",,,,,51,38,45
2022-01-02,2021,0,,WSH,PHI,1463.23379626925,1426.46597194264,0.6424061034140437,0.3575938965859563,,,,,Ryan Fitzpatrick,Jalen Hurts,190.4666912543703,119.52962326488215,24.823213135492193,-7.458144688717802,0.6976170232939042,0.3023829767060958,,,"","",,,,,32,86,59
2022-01-02,2021,0,,IND,OAK,1561.49008374858,1473.13101372901,0.7074033082487943,0.29259669175120573,,,,,Carson Wentz,Derek Carr,102.46922322975294,184.3714181414348,-21.756851343545005,1.3024904665225285,0.6527695500107,0.34723044998929997,,,"","",,,,,38,82,60
2022-01-02,2021,0,,CIN,KC,1412.11982567755,1643.35778701558,0.2774907488388721,0.722509251161128,,,,,Joe Burrow,Patrick Mahomes,154.38751036221348,232.16244186572052,4.532814540039714,2.0822003296723293,0.2914998008542157,0.7085001991457843,,,"","",,,,,63,61,62
2022-01-02,2021,0,,LAC,DEN,1496.9453348771,1449.69551781791,0.6561450325814943,0.34385496741850574,,,,,Justin Herbert,Teddy Bridgewater,191.69135528399636,160.13867808188877,5.549695242539244,12.5449040643386,0.6090855743962614,0.39091442560373857,,,"","",,,,,56,96,76
2022-01-02,2021,0,,SF,HOU,1490.66595095681,1432.77554209903,0.6698295097491831,0.3301704902508169,,,,,"","",123.81011162040676,138.88426426587205,-8.0210662679512,-83.22922713554327,0.8683569394022198,0.1316430605977802,,,"","",,,,,6,16,11
2022-01-02,2021,0,,SEA,DET,1565.75113437891,1390.64524910337,0.7993377747859337,0.2006622252140663,,,,,Russell Wilson,Jared Goff,187.03065281486022,160.6390937928922,-0.3268685144871426,-1.519107942510196,0.8060582918416545,0.19394170815834555,,,"","",,,,,25,41,33
2022-01-02,2021,0,,BAL,LAR,1605.83975771845,1571.73427292628,0.6388778542675122,0.3611221457324878,,,,,Lamar Jackson,Matthew Stafford,207.05646292688212,161.92700444568447,0.8426719396273135,0.6598179825329438,0.6219323231428259,0.37806767685717413,,,"","",,,,,85,79,82
2022-01-02,2021,0,,GB,MIN,1629.33743079564,1494.5227209927,0.7595521816366716,0.2404478183633284,,,,,Aaron Rodgers,Kirk Cousins,268.837927013728,200.02342867698542,17.06913198329195,8.142599752013114,0.6999192227420358,0.3000807772579642,,,"","",,,,,75,92,84
2022-01-03,2021,0,,PIT,CLE,1526.42032423259,1531.69726243689,0.5851117334264948,0.4148882665735052,,,,,Ben Roethlisberger,Baker Mayfield,218.98733847377505,173.37698787347563,9.106081842419744,3.9617113469478564,0.5002653437388371,0.49973465626116287,,,"","",,,,,68,95,82
2022-01-09,2021,0,,TB,CAR,1656.23592987083,1436.53931839259,0.8373777742073032,0.1626222257926968,,,,,Tom Brady,Sam Darnold,213.41055017436858,104.47161660834459,8.527869371689466,-17.899887158874932,0.8165492683499134,0.18345073165008663,,,"","",,,,,67,53,60
2022-01-09,2021,0,,PHI,DAL,1426.46597194264,1452.42423600283,0.5559502726685142,0.44404972733148584,,,,,Jalen Hurts,Dak Prescott,119.52962326488215,231.49179884034237,-7.458144688717802,17.881196355442853,0.4445181834019618,0.5554818165980382,,,"","",,,,,34,93,64
2022-01-09,2021,0,,JAX,IND,1339.02356327475,1561.49008374858,0.28772679388250316,0.7122732061174968,,,,,Trevor Lawrence,Carson Wentz,112.90158,102.46922322975294,-6.469035658326765,-21.756851343545005,0.4018945377559289,0.5981054622440711,,,"","",,,,,19,88,54
2022-01-09,2021,0,,MIN,CHI,1494.5227209927,1496.16718002393,0.5901786151321557,0.40982138486784425,,,,,Kirk Cousins,Andy Dalton,200.02342867698542,121.87840151254483,8.142599752013114,-11.19521455817951,0.6545329828013283,0.3454670171986717,,,"","",,,,,39,90,65
2022-01-09,2021,0,,MIA,NE,1532.21301019351,1500.99746243259,0.6350309575499496,0.36496904245005035,,,,,Tua Tagovailoa,Mac Jones,128.2789391500762,106.55369999999999,-12.355888602365233,-15.1549713355976,0.6009433187025437,0.3990566812974563,,,"","",,,,,54,96,75
2022-01-09,2021,0,,ATL,NO,1484.49361709345,1614.95936469189,0.4068865886329526,0.5931134113670474,,,,,Matt Ryan,Jameis Winston,178.59651696121685,149.4754866924155,0.9956722169156194,-15.689334234760217,0.47545943253360723,0.5245405674663928,,,"","",,,,,48,94,71
2022-01-09,2021,0,,CLE,CIN,1531.69726243689,1412.11982567755,0.7431705158567483,0.2568294841432517,,,,,Baker Mayfield,Joe Burrow,173.37698787347563,154.38751036221348,3.9617113469478564,4.532814540039714,0.7506666914878124,0.2493333085121876,,,"","",,,,,47,73,60
2022-01-09,2021,0,,BUF,NYJ,1634.00386072407,1381.74750021599,0.8613173052925434,0.13868269470745664,,,,,Josh Allen,Zach Wilson,244.60259409025804,112.44816,10.202572355561548,-2.0904255335861732,0.8355042926402938,0.1644957073597062,,,"","",,,,,46,44,45
2022-01-09,2021,0,,NYG,WSH,1425.40108592539,1463.23379626925,0.5390173841735048,0.46098261582649525,,,,,Daniel Jones,Ryan Fitzpatrick,120.818936231333,190.4666912543703,-3.746332185520984,24.823213135492193,0.477493388366376,0.522506611633624,,,"","",,,,,36,94,65
2022-01-09,2021,0,,HOU,TEN,1432.77554209903,1553.39721722001,0.4206308819374396,0.5793691180625604,,,,,"",Ryan Tannehill,141.0508080784133,207.78041052066803,-81.06268332300203,6.311824854617033,0.23259874129440625,0.7674012587055937,,,"","",,,,,6,36,21
2022-01-09,2021,0,,DET,GB,1390.64524910337,1629.33743079564,0.2689704086904206,0.7310295913095795,,,,,Jared Goff,Aaron Rodgers,160.6390937928922,268.837927013728,-1.519107942510196,17.06913198329195,0.26465590561340324,0.7353440943865968,,,"","",,,,,35,53,44
2022-01-09,2021,0,,BAL,PIT,1605.83975771845,1526.42032423259,0.6966392661949391,0.3033607338050609,,,,,Lamar Jackson,Ben Roethlisberger,207.05646292688212,218.98733847377505,0.8426719396273135,9.106081842419744,0.6877371191025872,0.31226288089741283,,,"","",,,,,73,91,82
2022-01-09,2021,0,,LAR,SF,1571.73427292628,1490.66595095681,0.6986414373887232,0.3013585626112768,,,,,Matthew Stafford,"",161.92700444568447,123.81011162040676,0.6598179825329438,-8.0210662679512,0.6222639809115753,0.3777360190884247,,,"","",,,,,75,94,85
2022-01-09,2021,0,,DEN,KC,1449.69551781791,1643.35778701558,0.3228643059328672,0.6771356940671328,,,,,Teddy Bridgewater,Patrick Mahomes,160.13867808188877,232.16244186572052,12.5449040643386,2.0822003296723293,0.3860871103222187,0.6139128896777812,,,"","",,,,,81,89,85
2022-01-09,2021,0,,ARI,SEA,1486.43695568349,1565.75113437891,0.47941188838601495,0.520588111613985,,,,,Kyler Murray,Russell Wilson,217.21686486028685,187.03065281486022,5.662860138279655,-0.3268685144871426,0.4935639849288017,0.5064360150711983,,,"","",,,,,59,95,77
2022-01-09,2021,0,,OAK,LAC,1473.13101372901,1496.9453348771,0.5589948792307655,0.4410051207692345,,,,,Derek Carr,Justin Herbert,184.3714181414348,191.69135528399636,1.3024904665225285,5.549695242539244,0.48600066016484744,0.5139993398351526,,,"","",,,,,43,92,68
